X,Y
nan,nan
-0.626582850120291,-0.24627048522
-0.632062056744213,-0.244083659269709
-0.637519321630518,-0.242028808796172
-0.642948960772145,-0.240108131631574
-0.648345372332302,-0.238323702219287
-0.653703043695939,-0.236677468753137
-0.659016558155474,-0.235171250479087
-0.664280601210636,-0.233806735166816
-0.669489966464571,-0.232585476757603
-0.674639561100783,-0.231508893193723
-0.679724410928015,-0.230578264433398
-0.68473966498283,-0.229794730654177
-0.68968059968234,-0.2291592906464
-0.694542622522312,-0.228672800397275
-0.699321275318648,-0.228335971864948
-0.704012236993016,-0.228149371940842
-0.70861132590617,-0.228113421597562
-0.713114501745214,-0.22822839521863
-0.717517866973679,-0.228494420105483
-0.721817667855846,-0.228911476156334
-0.726010295069187,-0.229479395710796
-0.730092283921077,-0.230197863553564
-0.734060314188121,-0.231066417069933
-0.737911209598401,-0.232084446545558
-0.741641936978808,-0.233251195602571
-0.745249605091233,-0.234565761763982
-0.748731463182844,-0.236027097138295
-0.752084899276934,-0.237634009216262
-0.75530743823184,-0.23938516177193
-0.75839673959627,-0.241279075860386
-0.761350595290003,-0.243314130904997
-0.764166927139314,-0.245488565867422
-0.766843784296697,-0.247800480494264
-0.769379340574439,-0.250247836634872
-0.771771891721407,-0.252828459625542
-0.774019852671991,-0.255540039736185
-0.77612175479559,-0.258380133676378
-0.778076243174246,-0.261346166158633
-0.779882073935098,-0.264435431517666
-0.781538111663248,-0.267645095385439
-0.783043326919379,-0.270972196422726
-0.784396793885085,-0.274413648108967
-0.78559768815736,-0.277966240593183
-0.786645284712072,-0.281626642609672
-0.787538956054493,-0.285391403463208
-0.788278170573147,-0.289256955089339
-0.788862491111307,-0.293219614196286
-0.78929157376847,-0.297275584495707
-0.789565166942123,-0.301420959030403
-0.789683110617959,-0.305651722607616
-0.789645335914601,-0.309963754347227
-0.789451864886678,-0.314352830354572
-0.789102810587943,-0.318814626528022
-0.788598377393875,-0.32334472151168
-0.787938861581045,-0.327938599803741
-0.787124652158331,-0.332591655031031
-0.786156231942874,-0.33729919340016
-0.785034178871591,-0.342056437335464
-0.783759167536941,-0.346858529313512
-0.782331970933621,-0.351700535903459
-0.780753462400935,-0.356577452021828
-0.779024617743669,-0.361484205409517
-0.777146517512545,-0.366415661337885
-0.775120349423626,-0.371366627549669
-0.772947410894474,-0.376331859439297
-0.770629111673416,-0.381306065475799
-0.768166976536952,-0.386283912870083
-0.765562648029171,-0.391260033486753
-0.762817889216029,-0.39622902999898
-0.759934586426475,-0.401185482283191
-0.756914751951771,-0.406123954048467
-0.753760526673793,-0.411038999693691
-0.750474182592884,-0.415925171383477
-0.747058125225624,-0.420777026331971
-0.743514895843063,-0.425589134281595
-0.739847173520201,-0.430356085161828
-0.736057776968046,-0.43507249691111
-0.732149666120277,-0.439733023443076
-0.72812594344749,-0.444332362736398
-0.723989854973129,-0.448865265025787
-0.719744790966536,-0.453326541069969
-0.715394286290132,-0.457711070470908
-0.710942020379417,-0.462013810017142
-0.706391816836431,-0.466229802022797
-0.701747642619369,-0.470354182632786
-0.697013606813285,-0.474382190063793
-0.692193958969191,-0.478309172749956
-0.687293087001336,-0.4821305973617
-0.682315514635061,-0.485842056665906
-0.677265898400287,-0.48943927719565
-0.672149024168429,-0.492918126697941
-0.666969803233308,-0.496274621328394
-0.661733267939409,-0.499504932562544
-0.656444566863607,-0.502605393794434
-0.651108959559228,-0.505572506594392
-0.645731810873986,-0.508402946599349
-0.640318584855916,-0.511093569010731
-0.634874838263951,-0.513641413676872
-0.629406213702105,-0.516043709738982
-0.623918432398456,-0.518297879821965
-0.618417286652157,-0.520401543753827
-0.612908631973552,-0.522352521799988
-0.607398378944119,-0.524148837401453
-0.601892484824398,-0.525788719408633
-0.596396944939261,-0.527270603805374
-0.590917783870839,-0.528593134920679
-0.585461046490167,-0.529755166128455
-0.58003278885907,-0.530755760038506
-0.574639069034048,-0.531594188184809
-0.569285937803923,-0.532269930219869
-0.563979429392756,-0.532782672626635
-0.55872555215907,-0.53313230696197
-0.553530279321723,-0.53331892764814
-0.548399539741867,-0.533342829330989
-0.543339208789354,-0.533204503825598
-0.538355099320655,-0.532904636672092
-0.53345295279396,-0.532444103325957
-0.528638430545534,-0.531823965008707
-0.523917105249749,-0.531045464245991
-0.519294452583399,-0.530110020121254
-0.514775843113087,-0.529019223273852
-0.510366534422535,-0.527774830671077
-0.506071663494731,-0.52637876018388
-0.501896239361901,-0.524833084996157
-0.497845136034313,-0.52314002787735
-0.493923085717058,-0.521301955347758
-0.490134672322043,-0.519321371765399
-0.486484325280686,-0.517200913362536
-0.482976313661062,-0.514943342259019
-0.479614740591653,-0.512551540478518
-0.47640353799236,-0.510028503992464
-0.473346461612048,-0.507377336815108
-0.470447086370671,-0.504601245171608
-0.467708802002909,-0.501703531759428
-0.4651348089993,-0.498687590121599
-0.462728114840051,-0.495556899148634
-0.460491530516053,-0.492315017724032
-0.458427667331143,-0.488965579526406
-0.456538933979279,-0.485512287999393
-0.454827533890148,-0.48195891149855
-0.453295462836614,-0.478309278622557
-0.451944506797559,-0.474567273734114
-0.450776240069827,-0.470736832674097
-0.449792023623373,-0.466821938670695
-0.448993003694125,-0.462826618443472
-0.448380110609648,-0.458754938500647
-0.447954057843302,-0.454611001626202
-0.447715341293345,-0.45039894355196
-0.447664238784168,-0.446122929808259
-0.447800809787682,-0.441787152745583
-0.448124895363764,-0.437395828718191
-0.448636118319494,-0.432953195419744
-0.449333883587843,-0.428463509359849
-0.450217378827314,-0.423931043469599
-0.451285575244895,-0.419360084823403
-0.452537228645476,-0.414754932463758
-0.453970880711644,-0.410119895315114
-0.455584860518442,-0.405459290172592
-0.457377286288277,-0.400777439751061
-0.45934606739167,-0.396078670779943
-0.46148890659994,-0.39136731212914
-0.463803302596203,-0.386647692951565
-0.466286552751199,-0.381924140828036
-0.468935756170534,-0.37720097990064
-0.471747817019741,-0.372482528981172
-0.474719448133358,-0.367773099621823
-0.477847174913771,-0.363076994136017
-0.481127339525028,-0.358398503558082
-0.484556105386073,-0.353741905531334
-0.48812946196703,-0.349111462115149
-0.49184322989109,-0.344511417502623
-0.495693066343435,-0.339945995641602
-0.499674470787293,-0.335419397753013
-0.503782790985819,-0.330935799741688
-0.508013229326918,-0.326499349496169
-0.512360849446486,-0.322114164075283
-0.516820583143805,-0.317784326780631
-0.521387237580969,-0.313513884115473
-0.526055502756381,-0.309306842631842
-0.530819959240396,-0.305167165669047
-0.535675086159244,-0.30109876998805
-0.540615269411457,-0.297105522307428
-0.545634810099026,-0.293191235747908
-0.550727933153692,-0.289359666193567
-0.555888796136918,-0.285614508578913
-0.561111498190352,-0.281959393112053
-0.566390089111963,-0.278397881445063
-0.571718578531538,-0.274933462803501
-0.57709094515785,-0.271569550087708
-0.582501146068635,-0.268309475959105
-0.587943126013492,-0.265156488925209
-0.593410826699037,-0.262113749437394
-0.59889819602501,-0.259184326015653
-0.604399197239702,-0.256371191414703
-0.609907817982904,-0.253677218845726
-0.61541807918469,-0.251105178267856
-0.620924043788698,-0.248657732763219
-0.626419825269168,-0.246337435008924
-0.6318995959118,-0.244146723858818
-0.637357594829621,-0.242087921047201
nan,nan
-0.0992409740332551,0.794900455605933
-0.104677171729472,0.797172197334305
-0.110005434198902,0.799481747033975
-0.115220150565445,0.801826762484772
-0.120315840984596,0.804204928384725
-0.125287163855563,0.80661395889363
-0.130128922731101,0.809051599888884
-0.134836072904168,0.811515630927636
-0.139403727652512,0.81400386691087
-0.143827164124525,0.816514159446655
-0.148101828851999,0.819044397911443
-0.152223342877798,0.821592510209952
-0.156187506488953,0.82415646323585
-0.15999030354817,0.826734263037099
-0.163627905419275,0.829323954691484
-0.167096674484645,0.831923621899422
-0.170393167255125,0.834531386302771
-0.173514137075415,0.837145406539806
-0.1764565364302,0.839763877048048
-0.179217518858601,0.842385026627967
-0.181794440486626,0.845007116781901
-0.184184861189307,0.847628439843756
-0.186386545396065,0.85024731691617
-0.188397462554485,0.852862095632839
-0.190215787269229,0.855471147764652
-0.191839899134083,0.85807286668909
-0.193268382276257,0.860665664743052
-0.194500024632959,0.863247970479888
-0.195533816980978,0.865818225851904
-0.196368951740472,0.868374883340002
-0.197004821574468,0.870916403052382
-0.197441017805631,0.873441249814419
-0.197677328671767,0.875947890271883
-0.197713737441153,0.878434790029641
-0.197550420408345,0.880900410847846
-0.197187744790362,0.883343207917371
-0.196626266542331,0.885761627235946
-0.195866728110656,0.888154103106009
-0.194910056140593,0.8905190557748
-0.19375735915386,0.892854889236624
-0.192409925210465,0.89515998921655
-0.190869219567464,0.897432721354053
-0.189136882345717,0.899671429604292
-0.187214726214083,0.901874434873807
-0.185104734098727,0.904040033906466
-0.182809056923474,0.906166498434442
-0.180330011385308,0.908252074607896
-0.177670077767349,0.910294982715895
-0.174831897789798,0.912293417209824
-0.171818272497582,0.914245547039299
-0.168632160181655,0.9161495163092
-0.165276674329241,0.918003445265067
-0.161755081596623,0.919805431612594
-0.158070799796561,0.921553552175466
-0.154227395890917,0.923245864894212
-0.150228583977707,0.92488041116709
-0.146078223260533,0.926455218532395
-0.14178031598722,0.927968303689843
-0.137339005343471,0.929417675856937
-0.13275857328652,0.930801340454463
-0.128043438303025,0.932117303113409
-0.123198153074936,0.933363573993824
-0.118227402036677,0.934538172404255
-0.113135998806779,0.935639131708545
-0.1079288834771,0.936664504504966
-0.102611119742886,0.937612368060795
-0.097187891857299,0.938480829983633
-0.0916645013945538,0.939268034109028
-0.0860463638064879,0.939972166582185
-0.0803390047583065,0.940591462109923
-0.07454805623028,0.941124210357444
-0.0686792523734114,0.941568762462927
-0.0627384251084857,0.941923537641643
-0.0567314994594555,0.942187029849919
-0.050664488613815,0.942357814478163
-0.0445434887044315,0.942434555041173
-0.0383746733092471,0.942416009833039
-0.0321642876673057,0.942301038513329
-0.0259186426116893,0.942088608590716
-0.0196441082221404,0.941777801769909
-0.0133471072023989,0.941367820127659
-0.00703410798954716,0.940857992083723
-0.000711617604942167,0.940247778132999
0.00561382574142347,0.939536776305615
0.0119356602790618,0.938724727322542
0.0182473085213902,0.937811519415313
0.0245421853080671,0.936797192779678
0.0308137060249497,0.935681943634515
0.0370552949795068,0.934466127858958
0.0432603939077997,0.933150264182657
0.0494224705876004,0.931735036906147
0.0555350275308477,0.930221298130583
0.0615916107274729,0.928610069478568
0.0675858184116736,0.926902543290403
0.0735113098209831,0.925100083282799
0.0793618139179876,0.923204224659974
0.0851311380442916,0.921216673669976
0.0908131764763229,0.919139306602075
0.0964019188528159,0.916974168224111
0.101891458444295,0.914723469661744
0.10727600023562,0.91238958572459
0.112549868793632,0.909975051687228
0.117707515893116,0.907482559536026
0.122743527875757,0.904914953695552
0.127652632718338,0.902275226251104
0.132429706788273,0.899566511686496
0.137069781266538,0.896792081158669
0.141568048220156,0.893955336332982
0.145919866308693,0.891059802805114
0.150120766111539,0.88810912313739
0.154166455065177,0.885107049538974
0.158052822002174,0.882057436220824
0.161775941286087,0.878964231457466
0.165332076539053,0.875831469388598
0.168717683961299,0.872663261594243
0.171929415244283,0.869463788477612
0.174964120081578,0.866237290490076
0.177818848283905,0.862988059232617
0.180490851506916,0.85972042846791
0.182977584602411,0.856438765076708
0.185276706605592,0.853147459991585
0.187386081372709,0.849850919140205
0.189303777885059,0.846553554429327
0.191028070236697,0.843259774799524
0.192557437324439,0.839973977379342
0.193890562259724,0.836700538766152
0.195026331522737,0.83344380645946
0.195963833879779,0.830208090470785
0.196702359085248,0.826997655132586
0.197241396389799,0.823816711126961
0.197580632876211,0.820669407753119
0.197719951644274,0.817559825450861
0.197659429865598,0.814491968595555
0.197399336728648,0.81146975857837
0.196940131293531,0.808497027183833
0.196282460275148,0.80557751027514
0.195427155772204,0.802714841796059
0.194375232958385,0.799912548096758
0.193127887750626,0.797174042589455
0.191686494467962,0.794502620738421
0.190052603492885,0.791901455387642
0.188227938945487,0.789373592428235
0.186214396378989,0.786921946806679
0.184014040503482,0.784549298873931
0.181629102942923,0.78225829107462
0.179061980028649,0.780051424974735
0.176315230630814,0.777931058625535
0.173391574027415,0.775899404260792
0.170293887808742,0.773958526323966
0.167025205813422,0.772110339821475
0.163588716090489,0.770356608997823
0.159987758880358,0.768698946328072
0.156225824606034,0.767138811822846
0.152306551864454,0.765677512640877
0.148233725406575,0.764316203003915
0.14401127409357,0.763055884408677
0.139643268815478,0.761897406130395
0.135133920357667,0.760841466012408
0.130487577199737,0.759888611536141
0.125708723230828,0.759039241165683
0.120801975364857,0.758293605961099
0.115772081038898,0.757651811454404
0.11062391557783,0.757113819782034
0.105362479408411,0.756679452067398
0.0999928951061967,0.756348391046888
0.0945204042591619,0.75612018393246
0.0889503641324594,0.755994245503575
0.0832882441195804,0.75596986142093
0.0775396219661302,0.756046191754039
0.0717101797535782,0.75622227471423
0.0658056996316579,0.756497030584187
0.0598320592895573,0.756869265834588
0.053795227157663,0.757337677417869
0.0477012573333719,0.757900857228484
0.0415562842263715,0.758557296718459
0.0353665169207818,0.759305391656333
0.029138233253632,0.760143447016938
0.0228777736113197,0.761069681988776
0.0165915344479112,0.762082235085076
0.0102859615314082,0.763179169343948
0.00396754292639013,0.764358477602387
-0.00235719827629673,0.765618087828271
-0.00868171146986843,0.766955868493912
-0.014999426266822,0.768369633974156
-0.021303760441777,0.769857149951598
-0.0275881280626404,0.771416138811019
-0.0338459477888603,0.773044285004848
-0.0400706513137528,0.774739240371202
-0.046255691926239,0.776498629385886
-0.0523945531658789,0.778320054329701
-0.0584807575438062,0.780201100352465
-0.0645078753011073,0.782139340415284
-0.0704695331753391,0.784132340092949
-0.0763594231452635,0.786177662218686
-0.0821713111234987,0.788272871354036
-0.0878990455666492,0.790415538067277
-0.0935365659725995,0.792603243004571
-0.0990779112350092,0.794833580738884
-0.104517227825666,0.797104163382731
-0.109848777776192,0.799412623951897
nan,nan
-0.603343866797718,-0.0999717470876334
-0.614382872724714,-0.0955509253314438
-0.625340435787138,-0.0913812914863558
-0.636203886284412,-0.0874678470783789
-0.646960916443959,-0.0838153139970632
-0.657599607469146,-0.0804281240543552
-0.668108454342266,-0.0773104097101263
-0.678476388217402,-0.07446599601488
-0.688692796261134,-0.0718983938061472
-0.698747538823721,-0.0696107941807921
-0.708630963849163,-0.0676060642510899
-0.718333918458993,-0.0658867441782155
-0.727847757671477,-0.0644550454628987
-0.737164350244613,-0.0633128504596608
-0.7462760816576,-0.0624617130684118
-0.755175854270985,-0.0619028605454416
-0.763857084730013,-0.0616371963651005
-0.772313698698732,-0.0616653040538701
-0.780540123033661,-0.0619874519101658
-0.788531275525282,-0.0626035985161534
-0.796282552352976,-0.0635133989421629
-0.803789813414227,-0.0647162115399563
-0.811049365701885,-0.0662111052181599
-0.818057944913899,-0.0679968670915859
-0.82481269548832,-0.0700720103958999
-0.831311149262486,-0.0724347825600923
-0.837551202959221,-0.075083173331401
-0.843531094704755,-0.0780149228506431
-0.849249379782991,-0.0812275295802401
-0.854704905828863,-0.0847182579924749
-0.859896787660039,-0.0884841459315949
-0.864824381941263,-0.0925220115701713
-0.869487261869413,-0.096828459887537
-0.87388519206004,-0.101399888606051
-0.878018103807958,-0.106232493529284
-0.881886070885531,-0.111322273234896
-0.885489286032787,-0.116665033083881
-0.888828038283646,-0.122256388516932
-0.891902691262373,-0.128091767617855
-0.89471366257411,-0.134166412933129
-0.89726140440305,-0.140475382545891
-0.899546385421586,-0.147013550411677
-0.901569074103712,-0.153775605972235
-0.903329923526093,-0.160756053072466
-0.90482935773059,-0.167949208214184
-0.906067759712707,-0.17534919818871
-0.907045461091366,-0.182949957138431
-0.907762733506622,-0.190745223105279
-0.908219781783423,-0.19872853413159
-0.908416738891236,-0.206893223985986
-0.908353662721237,-0.215232417593732
-0.908030534694852,-0.223739026257458
-0.907447260209549,-0.232405742760123
-0.906603670919997,-0.241225036447635
-0.905499528844873,-0.250189148393571
-0.904134532281706,-0.259290086752915
-0.902508323504142,-0.268519622415607
-0.900620498207815,-0.277869285073874
-0.898470616662628,-0.287330359819841
-0.896058216520586,-0.296893884391539
-0.893382827219436,-0.306550647186313
-0.890443985913141,-0.316291186160474
-0.887241254850767,-0.32610578873293
-0.883774240115625,-0.335984492808326
-0.880042611626512,-0.34591708903187
-0.87604612429279,-0.355893124383422
-0.871784640204744,-0.365901907212605
-0.867258151730371,-0.375932513809468
-0.86246680537954,-0.385973796596733
-0.857410926286425,-0.396014394019671
-0.852091043151381,-0.406042742198356
-0.846507913474234,-0.416047088394294
-0.840662548902324,-0.426015506329383
-0.834556240508872,-0.435935913379774
-0.828190583810419,-0.445796089650654
-0.821567503326485,-0.455583698920295
-0.814689276480291,-0.465286311423105
-0.807558556636686,-0.474891428422012
-0.800178395072372,-0.484386508500487
-0.792552261674383,-0.493758995484204
-0.78468406416562,-0.502996347881762
-0.776578165661212,-0.512086069713647
-0.768239400366712,-0.521015742578612
-0.759673087238538,-0.529773058787564
-0.750885041438931,-0.538345855376864
-0.741881583431643,-0.54672214879621
-0.732669545580956,-0.554890170051172
-0.723256276134898,-0.562838400067322
-0.713649640493992,-0.570555605032006
-0.703858019688934,-0.578030871461462
-0.693890306014319,-0.585253640735331
-0.683755895790481,-0.592213742837892
-0.673464679251443,-0.598901429045695
-0.663027027583522,-0.605307403304791
-0.652453777165922,-0.611422852047454
-0.641756211091391,-0.61723947220818
-0.630946038071118,-0.622749497211786
-0.620035368853399,-0.62794572072241
-0.609036690309518,-0.632821517961041
-0.597962837362638,-0.637370864420548
-0.586826962955794,-0.641588351830842
-0.575642506273059,-0.645469201252365
-0.564423159443334,-0.649009273203253
-0.553182832968768,-0.652205074753846
-0.541935620129315,-0.655053763551279
-0.530695760621369,-0.657553148766266
-0.519477603691559,-0.659701688983478
-0.508295571026774,-0.66149848708562
-0.497164119658246,-0.662943282209071
-0.486097705131245,-0.664036438875411
-0.475110745182715,-0.664778933427825
-0.464217584157233,-0.665172337924126
-0.453432458377272,-0.66521880165854
-0.442769462667113,-0.664921030502291
-0.432242518211258,-0.664282264268276
-0.421865341908099,-0.663306252317498
-0.411651417358314,-0.661997227634525
-0.401613967605299,-0.660359879605864
-0.391765929722225,-0.658399325738985
-0.382119931317466,-0.656121082560762
-0.372688269007372,-0.65353103593252
-0.363482888883099,-0.65063541101476
-0.354515368976632,-0.647440742108297
-0.34579690371057,-0.643953842590027
-0.337338290296872,-0.64018177515127
-0.329149917031778,-0.636131822534699
-0.321241753417727,-0.631811458952588
-0.31362334202832,-0.627228322354776
-0.306303792019438,-0.622390187699512
-0.299291774178445,-0.617304941364556
-0.292595517394143,-0.611980556819744
-0.286222806422685,-0.606425071665866
-0.28018098081907,-0.600646566128459
-0.274476934900023,-0.594653143079019
-0.269117118601966,-0.588452909640479
-0.264107539097375,-0.58205396041859
-0.259453763033906,-0.575464362386322
-0.255160919263268,-0.568692141434533
-0.25123370193075,-0.561745270589118
-0.247676373801473,-0.55463165988259
-0.244492769705753,-0.547359147856722
-0.241686299993257,-0.539935494662344
-0.23925995389391,-0.532368376712796
-0.237216302692493,-0.524665382838792
-0.235557502633648,-0.516834011884513
-0.234285297484321,-0.508881671677653
-0.233401020691512,-0.500815679299815
-0.232905597084487,-0.49264326257801
-0.232799544082159,-0.4843715627131
-0.23308297237823,-0.476007637956731
-0.233755586088663,-0.467558468244561
-0.234816682358191,-0.459030960690456
-0.23626515043469,-0.450431955843634
-0.238099470232308,-0.44176823460857
-0.240317710416206,-0.433046525725708
-0.242917526053499,-0.424273513709717
-0.245896155886432,-0.415455847141054
-0.2492504192949,-0.406600147206127
-0.25297671302607,-0.397713016381135
-0.25707100777891,-0.388801047154958
-0.261528844740857,-0.379870830687103
-0.266345332182567,-0.370928965297793
-0.271515142224488,-0.361982064688815
-0.277032507895885,-0.353036765795725
-0.282891220612743,-0.344099736174533
-0.289084628205595,-0.335177680829019
-0.295605633631652,-0.326277348388411
-0.302446694507529,-0.317405536549438
-0.309599823599293,-0.308569096701529
-0.317056590405374,-0.299774937659507
-0.324808123965016,-0.291030028434271
-0.332845117020326,-0.282341399978836
-0.341157831653554,-0.273716145854698
-0.349736106512932,-0.265161421771724
-0.358569365730295,-0.256684443963701
-0.367646629621702,-0.248292486371249
-0.376956527248484,-0.239992876613937
-0.386487310900653,-0.231792990744122
-0.396226872547424,-0.223700246786128
-0.406162762281019,-0.215722097075862
-0.416282208759933,-0.207866019427655
-0.426572141636818,-0.20013950716692
-0.437019215934207,-0.192550058079045
-0.447609838308763,-0.185105162336518
-0.458330195121913,-0.177812289477628
-0.46916628221187,-0.170678874520856
-0.480103936239579,-0.163712303309267
-0.491128867459271,-0.156919897188542
-0.502226693743554,-0.150308897130661
-0.513382975673551,-0.143886447422505
-0.524583252486914,-0.137659579044641
-0.535813078660874,-0.13163519287011
-0.547058060894191,-0.125820042816205
-0.558303895241111,-0.120220719083698
-0.569536404142564,-0.114843631617904
-0.580741573094888,-0.109694993924218
-0.591905586694619,-0.104780807367289
-0.603014863799298,-0.100106846077977
-0.614056091548873,-0.0956786425855463
-0.625016258000156,-0.0915014742844461
nan,nan
-0.196038305923902,0.704202420087048
-0.207006187847171,0.708763667341825
-0.217750388917112,0.713354557902003
-0.228258269597371,0.717970030686064
-0.23851757274961,0.722605263833452
-0.24851645122259,0.7272556840773
-0.258243493413432,0.73191697452178
-0.26768774663655,0.736585080772264
-0.276838738159054,0.741256215380146
-0.285686493786232,0.745926860578194
-0.294221553906602,0.750593769296366
-0.30243498693261,0.755253964462103
-0.310318400099906,0.759904736602828
-0.317863947614896,0.764543639781636
-0.325064336166562,0.769168485909861
-0.331912827843975,0.773777337491984
-0.338403240525213,0.778368498869334
-0.344529945826206,0.782940506038907
-0.350287864719112,0.787492115132423
-0.355672460948964,0.79202228964836
-0.360679732394373,0.796530186536098
-0.365306200532804,0.801015141236503
-0.369548898183389,0.805476651787229
-0.373405355710303,0.809914362103846
-0.376873585877338,0.814328044549523
-0.379952067549648,0.818717581906639
-0.382639728441642,0.823082948863315
-0.384935927110797,0.827424193126602
-0.386840434395949,0.831741416272057
-0.388353414495438,0.836034754436715
-0.389475405875533,0.840304358959245
-0.39020730219307,0.844550377067374
-0.390550333408266,0.848772932708629
-0.390506047254525,0.85297210761624
-0.390076291221827,0.857147922697635
-0.389263195199161,0.861300319828623
-0.388069154909716,0.865429144131981
-0.386496816260119,0.869534126815013
-0.384549060712304,0.873614868636619
-0.382228991773517,0.877670824070701
-0.379539922686816,0.881701286229267
-0.376485365391164,0.885705372605471
-0.373069020807041,0.889682011694055
-0.36929477049041,0.893629930544192
-0.365166669685007,0.897547643297632
-0.360688941790229,0.90143344076326
-0.355865974249521,0.90528538107765
-0.350702315852054,0.909101281499957
-0.345202675428693,0.91287871138839
-0.339371921911823,0.91661498640463
-0.33321508571745,0.920307163991646
-0.326737361397259,0.923952040169545
-0.319944111497865,0.927546147693167
-0.312840871554443,0.931085755614022
-0.305433356136227,0.934566870287869
-0.29772746585203,0.937985237867567
-0.289729295215045,0.941336348318755
-0.281445141257648,0.944615440993354
-0.272881512778901,0.94781751179271
-0.264045140099873,0.950937321948387
-0.254942985194895,0.953969408444052
-0.245582252060438,0.956908096096501
-0.235970397177554,0.959747511307701
-0.226115139918816,0.962481597492522
-0.21602447274652,0.965104132178827
-0.205706671045621,0.967608745767517
-0.195170302432666,0.969988941930201
-0.184424235380815,0.972238119611239
-0.173477647001136,0.974349596589121
-0.162340029821721,0.976316634539569
-0.151021197408997,0.978132465529348
-0.139531288679855,0.979790319855868
-0.127880770759094,0.981283455133111
-0.116080440244167,0.982605186509674
-0.104141422748388,0.983748917889695
-0.0920751706046465,0.984708174012521
-0.0798934586242636,0.985476633232276
-0.0676083778199138,0.986048160824305
-0.0552323270174639,0.986416842632006
-0.0427780022990459,0.986577018855089
-0.0302583842385996,0.9865233177691
-0.0176867229113192,0.986250689156319
-0.00507652067974224,0.985754437220209
0.0075584872185819,0.985030252749637
0.0202043542340763,0.984074244295365
0.032846946147793,0.982882968119982
0.0454719666994955,0.981453456683746
0.0580649850838907,0.979783245432736
0.0706114651752978,0.977870397662521
0.0830967963195261,0.975713527240144
0.0955063255114878,0.973311818979642
0.107825390758441,0.970665046481539
0.120039355412038,0.967773587264586
0.132133643237892,0.964638435038361
0.144093773979413,0.961261208987939
0.155905399163428,0.957644159966458
0.167554337888863,0.95379017351768
0.179026612336561,0.949702769678291
0.190308482738351,0.945386099538235
0.20138648154672,0.940844938566555
0.212247446552951,0.936084676739401
0.222878552711189,0.931111305535856
0.233267342438576,0.925931401895387
0.243401754177072,0.920552109257814
0.253270149020694,0.914981115832121
0.262861335232316,0.909226630264048
0.272164590496628,0.903297354893677
0.281169681779915,0.897202456812986
0.289866882692725,0.890951536949371
0.298246988277751,0.884554597414092
0.306301327172014,0.87802200736459
0.314021771119301,0.871364467636341
0.321400741835407,0.864592974403513
0.328431215254619,0.857718782128184
0.335106723210837,0.850753366055245
0.341421352630289,0.84370838450472
0.34736974233483,0.836595641205027
0.352947077574974,0.829427047900116
0.358149082429929,0.822214587450574
0.362972010227862,0.814970277634068
0.36741263215325,0.807706135834107
0.37146822421945,0.800434144788455
0.37513655279351,0.793166219549884
0.378415858866745,0.785914175792647
0.381304841268763,0.778689699578331
0.383802639024601,0.77150431867507
0.385908813054386,0.764369375504497
0.387623327412761,0.757296001771761
0.388946530261278,0.750295094815535
0.389879134761212,0.743377295697419
0.390422200067017,0.736552969033695
0.390577112592121,0.729832184557152
0.390345567709,0.723224700382742
0.389729552034849,0.716739947938337
0.388731326442682,0.710387018510739
0.387353409925595,0.704174651347592
0.38559856442938,0.698111223247733
0.383469780755733,0.69220473956599
0.380970265625218,0.686462826553345
0.378103429975893,0.680892724949717
0.374872878560301,0.675501284744309
0.37128240089039,0.670294961017502
0.367335963566925,0.665279810778444
0.363037704017161,0.660461490713876
0.358391925652034,0.655845255766071
0.353403094441837,0.65143595846111
0.348075836897425,0.647238048912847
0.342414939432354,0.64325557543283
0.336425349070072,0.639492185681943
0.330112175449325,0.635951128305626
0.323480694070356,0.632635255001026
0.316536350714192,0.629547022971247
0.309284766957486,0.62668849772902
0.301731746695792,0.624061356219285
0.293883283579088,0.621666890237548
0.285745569254594,0.619506010128121
0.277325002303655,0.617579248753542
0.268628197751657,0.615886765733447
0.259661997022616,0.614428351957858
0.250433478203359,0.613203434386218
0.240949966476113,0.61221108114939
0.231219044572917,0.611450006977251
0.221248563100653,0.610918578979342
0.211046650581755,0.610614822810188
0.200621723052842,0.610536429254375
0.18998249306186,0.610680761269148
0.179137977903662,0.611044861524128
0.168097506934756,0.611625460478747
0.156870727809922,0.612418985038003
0.145467611486951,0.613421567826272
0.133898455850784,0.614629057116973
0.122173887814974,0.616037027453045
0.110304863766684,0.61764079098929
0.0983026682314656,0.619435409582764
0.0861789106457334,0.621415707651635
0.0739455201383254,0.623576285816132
0.0616147382375749,0.625911535327692
0.0491991094370409,0.628415653284009
0.0367114695712241,0.631082658618669
0.024164931972145,0.63390640884441
0.0115728713984353,0.636880617518963
-0.00105109424964585,0.63999887239203
-0.0136931243933243,0.643254654181358
-0.0263391783575538,0.646641355915279
-0.0389750399900993,0.65015230276866
-0.0515863442120041,0.653780772309084
-0.064158605371171,0.657520015060493
-0.076677247248784,0.661363275282603
-0.0891276345473319,0.665303811856347
-0.1014951056695,0.669334919158534
-0.113765006579453,0.673449947803053
-0.125922725522386,0.677642325121346
-0.13795372836489,0.681905575251714
-0.149843594308088,0.68623333870535
-0.161578051717616,0.690619391276899
-0.173143013809804,0.695057662168854
-0.184524613931726,0.699542251202253
-0.195709240174425,0.704067444990861
-0.206683569063397,0.708627731962325
-0.217434598078495,0.713217816117579
nan,nan
-0.00944156669028773,-0.999938556902913
0.00960102019143999,-0.999874617005684
0.028555527317243,-0.999412890463022
0.0473989769329879,-0.998567567936197
0.0661093182744491,-0.997353626011563
0.0846654666443865,-0.995786715062566
0.103047332622324,-0.993883047491832
0.121235841621908,-0.991659287353775
0.139212944117438,-0.989132442270006
0.156961616954679,-0.986319758454065
0.174465856240771,-0.983238619561104
0.191710662373732,-0.979906449974746
0.20868201782385,-0.976340623039611
0.22536685831763,-0.972558374646146
0.241753038100716,-0.968576722476115
0.257829289970154,-0.964412391123956
0.273585180769818,-0.960081743222528
0.289011063036873,-0.95560071662234
0.304098023473113,-0.950984767602009
0.318837828894351,-0.946248820024819
0.333222870284856,-0.941407220301992
0.347246105553569,-0.936473697977751
0.360901001555572,-0.931461331714132
0.374181475907168,-0.926382520424639
0.387081839086947,-0.921248959284585
0.399596737279215,-0.916071620332029
0.411721096380874,-0.910860737365767
0.423450067558962,-0.905625794845459
0.434778974713985,-0.900375520502833
0.445703264174318,-0.895117881381433
0.456218456919583,-0.889860083034914
nan,nan
-0.565248555091093,0.0487886272452368
-0.582195891130817,0.0555992834441585
-0.598945520712583,0.0620419198594533
-0.615473586941509,0.0681070875407431
-0.631757307379471,0.0737860021821037
-0.647775064950489,0.0790705766378252
-0.663506489015887,0.0839534476053515
-0.678932525812292,0.0884279962566826
-0.694035497607214,0.0924883626937715
-0.70879915009695,0.0961294541981566
-0.723208687745972,0.099346947338149
-0.737250796941556,0.102137284086318
-0.750913657008506,0.104497662183955
-0.764186939292548,0.10642602006604
-0.777061794674233,0.107921016728622
-0.789530830015042,0.108982006979426
-0.801588074161544,0.109609012561158
-0.813228934240276,0.109802689674977
-0.824450143064096,0.109564293458813
-0.835249698539784,0.108895639991809
-0.845626796016277,0.107799066402568
-0.855581754543839,0.106277389655767
-0.86511593802732,0.104333864579851
-0.874231672252921,0.101972141678952
-0.88293215874896,0.0991962252459828
-0.89122138640894,0.096010432262063
-0.89910404176161,0.0924193525313478
-0.906585418719774,0.0884278104609218
-0.913671328579346,0.0840408288538651
-0.920368010974606,0.0792635950408539
-0.92668204642662,0.0741014296326416
-0.932620271051224,0.0685597581332641
-0.938189693922317,0.0626440856125023
-0.943397417517027,0.0563599745965692
-0.948250561602678,0.0497130262985832
-0.952756190862554,0.0427088652754626
-0.956921246498968,0.03535312756561
-0.960752481998711,0.0276514523322408
-0.964256403198111,0.0196094770104425
-0.967439212742836,0.0112328359319315
-0.970306759001391,0.00252716237985426
-0.97286448946101,-0.00650190599337459
-0.975117408610116,-0.0158487184695451
-0.977070040292512,-0.0255075993894251
-0.978726394504676,-0.0354728332130776
-0.980089938598538,-0.0457386466431845
-0.981163572847444,-0.0562991879513578
-0.981949610332286,-0.0671485036595773
-0.982449761107277,-0.0782805127410277
-0.982665120610257,-0.08968897851701
-0.98259616228994,-0.101367478439566
-0.982242734431763,-0.113309371963226
-0.981604061174221,-0.12550776672407
-0.980678747718297,-0.137955483260242
-0.979464789743165,-0.150645018525317
-0.977959587051155,-0.163568508464495
-0.976159961473464,-0.17671768994351
-0.974062179074662,-0.190083862341319
-0.971661976698107,-0.203657849139914
-0.968954592895393,-0.21742995986773
-0.96593480328037,-0.231389952776832
-0.962596960341565,-0.245526998657932
-0.958935037735574,-0.259829646220815
-0.954942679067699,-0.274285789490378
-0.950613251144474,-0.288882637689561
-0.945939901655424,-0.303606688099184
-0.940915621208304,-0.318443702400339
-0.935533309602984,-0.33337868701656
-0.929785846184256,-0.348395877979668
-0.923666164063233,-0.363478730843869
-0.917167327941054,-0.378609916166518
-0.910282615207881,-0.393771321059917
-0.903005599925324,-0.408944057295644
-0.895330239232435,-0.424108476410504
-0.887250961645326,-0.439244192220403
-0.878762756649689,-0.45433011109481
-0.869861264915464,-0.469344470279643
-0.86054286839537,-0.484264884480198
-0.850804779505784,-0.499068400828517
-0.840645128531481,-0.513731562261562
-0.830063048347106,-0.52823047922894
-0.819058755509905,-0.542540909532546
-0.807633626752265,-0.556638345977256
-0.795790269890839,-0.570498111383458
-0.783532588173177,-0.584095460381172
-0.770865837104238,-0.597405687274333
-0.757796672835093,-0.610404239135457
-0.744333191255105,-0.623066833168387
-0.7304849570072,-0.635369577263327
-0.716263021743115,-0.647289092567252
-0.701679931050919,-0.658802636806939
-0.686749719619157,-0.669888227034453
-0.671487894348603,-0.680524760418401
-0.655911405281363,-0.690692131680909
-0.640038604384799,-0.700371345781685
-0.623889192400998,-0.709544624477836
-0.607484154147523,-0.718195505441575
-0.590845682827992,-0.726308932697319
-0.573997094077452,-0.733871337243804
-0.556962730623725,-0.740870706853872
-0.539767858587906,-0.747296644192041
-0.522438556571666,-0.753140412554713
-0.505001598782836,-0.75839496871618
-0.487484333531506,-0.763054982551492
-0.469914558484729,-0.76711684330033
-0.452320394097788,-0.770578652529893
-0.434730156643464,-0.773440204044976
-0.417172232238201,-0.775702951175732
-0.399674953216584,-0.777369962044017
-0.382266478134862,-0.778445863564322
-0.364974676592594,-0.778936775072092
-0.347827019951792,-0.778850232588365
-0.330850478908154,-0.778195104823444
-0.314071428732677,-0.776981502092778
-0.297515562857528,-0.775220679364961
-0.281207815331137,-0.772924934685197
-0.265172292517393,-0.770107504218492
-0.249432214265904,-0.766782455136802
-0.234009864637308,-0.762964577535168
-0.218926552132341,-0.758669276505732
-0.204202579247747,-0.753912465427991
-0.189857221068101,-0.748710461451258
-0.175908712501306,-0.743079884053749
-0.162374243677949,-0.737037557464731
-0.149269962961146,-0.730600417634185
-0.136610986954182,-0.723785424330976
-0.124411416847744,-0.71660947884764
-0.112684360416354,-0.709089347689623
-0.10144195895388,-0.701241592530716
-0.0906954184297915,-0.693082506625905
-0.0804550441498458,-0.684628057789016
-0.0707302782161115,-0.675893837966058
-0.0615297391001962,-0.666895019366739
-0.052861262669097,-0.657646317056356
-0.0447319440339581,-0.648161957858325
-0.0371481796270037,-0.638455655373845
-0.0301157089499836,-0.628540590889241
-0.0236396554775871,-0.618429399913073
-0.0177245662406302,-0.608134164063487
-0.0123744496556134,-0.597666408010968
-0.00759281120892031,-0.587037101172001
-0.00338268664492689,-0.576256663844328
0.000253327652693883,-0.565334977473946
0.00331304735845141,-0.554281398746937
0.00579467621596147,-0.543104777204935
0.00769678556111829,-0.531813476090947
0.00901829752190619,-0.520415396141668
0.0097584720261506,-0.508918002052763
0.00991689771657961,-0.49732835135439
0.00949348684157152,-0.485653125444918
0.00848847415964415,-0.473898662541006
0.0069024198658092,-0.462070992311529
0.00473621651806402,-0.450175871970994
0.00199109991222191,-0.438218823614765
-0.00133133617731014,-0.426205172583465
-0.00522912150459001,-0.414140086647157
-0.00969988725325238,-0.402028615801221
-0.0147408405115614,-0.389875732465285
-0.0203487355363616,-0.377686371874024
-0.0265198420574,-0.365465472444319
-0.0332499109114723,-0.353218015897244
-0.0405341373351922,-0.340949066905808
-0.0483671222856734,-0.328663812030638
-0.05674283219979,-0.316367597696098
-0.0656545576444625,-0.304065966949137
-0.0750948713520985,-0.291764694732831
-0.0850555861761992,-0.279469821396669
-0.0955277135414568,-0.267187684156583
-0.106501422999434,-0.254924946210253
-0.117966003534198,-0.24268862320778
-0.129909827290848,-0.23048610677516
-0.142320316422596,-0.218325184788757
-0.155183913767662,-0.206214058103639
-0.168486058074399,-0.19416135344805
-0.182211164490612,-0.182176132210785
-0.196342611019691,-0.170267894868361
-0.210862731620882,-0.158446580825128
-0.225752816592864,-0.146722563471874
-0.24099312082807,-0.135106640307377
-0.256562880459349,-0.123610018012592
-0.272440338340655,-0.112244292418477
-0.288602778709504,-0.101021423365486
-0.30502657127172,-0.0899537045147911
-0.321687224829502,-0.0790537282374905
-0.338559450443585,-0.0683343457773447
-0.355617233981189,-0.0578086229537029
-0.372833917755881,-0.0474897917427691
-0.390182290816177,-0.0373911981456759
-0.407634687289767,-0.0275262468192741
-0.425163092042948,-0.0179083430083964
-0.442739252773652,-0.0085508323748938
-0.460334797525036,0.000533060632713282
-0.477921356488209,0.00933029518607223
-0.495470686860874,0.0178280765492775
-0.512954799446198,0.0260139178893644
-0.530346085615882,0.033875700694426
-0.547617443225089,0.0414017330787246
-0.56474240005611,0.0485808052775686
-0.581695233383159,0.05540224167134
-0.598451084292458,0.061855948727266
nan,nan
-0.288008524108866,0.596164583871779
-0.304872617545462,0.603139592236431
-0.321372492952266,0.610075337204473
-0.337484214456997,0.616962525756579
-0.353184868390938,0.623792632685301
-0.368452654794129,0.630557931926607
-0.383266969334592,0.637251521576296
-0.397608474839061,0.643867342363949
-0.411459161795541,0.650400189448879
-0.424802397359337,0.656845717494735
-0.437622962569797,0.663200439070065
-0.44990707766094,0.669461716509061
-0.461642415521428,0.675627747448182
-0.472818103524354,0.681697544328713
-0.483424714101795,0.687670908221266
-0.493454244580205,0.693548397384653
-0.502900086918092,0.699331291017842
-0.511756988095419,0.705021548699288
-0.520021001993496,0.710621766032818
-0.527689433674226,0.716135127033596
-0.53476077701836,0.721565353791915
-0.5412346467143,0.726916653947333
-0.547111705602906,0.732193666491939
-0.552393588380862,0.737401406400159
-0.557082822647061,0.742545208554725
-0.561182748244963,0.747630671405338
-0.564697435810761,0.752663600759395
-0.567631605384684,0.757649954063997
-0.56999054588262,0.762595785496612
-0.57178003615967,0.76750719213909
-0.573006268327919,0.772390261467404
-0.573675773919527,0.777251020348175
-0.573795353414604,0.782095385693673
-0.573372009582803,0.786929116890117
-0.572412885019126,0.791757770080215
-0.570925204189201,0.796586654350525
-0.568916220237963,0.801420789847539
-0.566393166758802,0.806264867823712
-0.563363214668234,0.811123212596027
-0.559833434284228,0.815999745385168
-0.555810762664465,0.820897949992921
-0.551301976224006,0.825820840269002
-0.546313668619884,0.830770929315874
-0.540852233862604,0.835750200381233
-0.534923854591281,0.840760079392378
-0.528534495429421,0.845801409094517
-0.521689901321952,0.850874424765843
-0.514395600740267,0.855978731495771
-0.506656913630406,0.861113283028726
-0.498478963969315,0.866276362194029
-0.489866696785045,0.87146556296244
-0.480824899488016,0.8766777741915
-0.471358227351752,0.881909165144566
-0.461471232972138,0.887155172892032
nan,nan
0.0378338218156647,0.999271199019974
0.0569902533707495,0.998291199249172
0.0761482271856077,0.996871671823621
0.0952813510498866,0.995003284914328
0.114362693157253,0.992678063984324
0.13336488141095,0.989889478209628
0.152260209915504,0.986632518440588
0.171020751691359,0.982903765607915
0.189618476525315,0.978701448569869
0.208025372760655,0.974025490511632
0.226213571739919,0.96887754314316
0.244155473543161,0.963261008095405
0.261823872617582,0.957181045083954
0.279192081872411,0.950644566590104
0.296234053816812,0.943660218998489
0.312924497348969,0.936238350323262
0.329238988860808,0.928390964847027
0.345154076404135,0.9201316651839
0.360647375768357,0.91147558245583
0.375697657445122,0.902439295435511
0.390284923597989,0.893040739656309
0.404390474312294,0.883299107616406
0.417996962567882,0.873234741308166
0.431088437551223,0.862869018382982
0.443650376099733,0.852224233315111
0.455669702245738,0.841323474955157
0.467134794996703,0.830190501865066
0.478035484648672,0.818849616802935
0.488363038078139,0.807325541679112
0.498110133591332,0.795643294237292
0.507270826027024,0.78382806762812
0.515840502908022,0.77190511394112
0.523815832516512,0.759899632646774
0.531194704829186,0.7478366647774
0.53797616628957,0.735740993546445
0.544160349418035,0.723637051973892
0.549748398265529,0.711548837953685
0.554742390706631,0.699499837070008
0.559145258542625,0.687512953345202
0.562960706347978,0.67561044798513
0.566193129945632,0.663813886079462
0.568847535340077,0.652144091115887
0.570929458874146,0.640621107079621
0.572444889307864,0.629264167833178
0.573400192447233,0.618091673406566
0.573802038879265,0.60712117277469
0.573657335298312,0.596369352656524
0.572973159839065,0.585852031839069
0.571756701764642,0.575584160507539
0.57001520579474,0.56557982405085
0.567755921299596,0.55585225080743
0.564986056530979,0.546413823219767
0.56171273801186,0.537276091875961
0.557942975161943,0.52844979193197
0.553683630196884,0.519944861428356
0.548941393304557,0.511770461039262
0.543722763071999,0.503934994818395
0.538034032111248,0.496446131536129
0.53188127781079,0.489310826232993
0.525270358121315,0.482535341647154
0.518206912269359,0.476125269206533
0.510696366279731,0.470085549309728
0.502743943176739,0.46442049065336
0.494354677724674,0.459133788396879
0.485533435559136,0.454228540988856
0.476284936552148,0.449707265511368
0.466613782245029,0.44557191143114
0.456524487173194,0.441823872677556
0.446021513896051,0.438463997998608
0.435109311532491,0.435492599576195
0.423792357587816,0.432909459911991
0.412075202841027,0.43071383702444
0.399962519042034,0.428904468026188
0.3874591491463,0.427479571179591
0.374570159789787,0.426436846555639
0.361300895679777,0.425773475448765
0.347657035547335,0.425486118726437
0.333644649275233,0.425570914317939
0.319270255781229,0.426023474071257
0.304540881201406,0.42683888023013
0.289464116882272,0.428011681804889
0.274048176654318,0.429535891130272
0.258301952824582,0.431404980920622
0.242235070292444,0.43361188214721
0.225857938162482,0.436148983073522
0.209181798201954,0.439008129791528
0.192218769469552,0.442180628604846
0.174981888427889,0.445657250602661
0.157485143845931,0.449428238760887
0.139743505800773,0.453483317893762
0.121772948101735,0.45781170775959
0.1035904634852,0.462402139598289
0.08521407096655,0.467242876345599
0.0666628147869645,0.472321736729232
0.047956754458125,0.477626123405974
0.0291169454871426,0.48314305524606
0.0101654104571353,0.488859203812604
-0.00887489975475767,0.494760934019999
-0.0279801547216631,0.500834348887142
-0.0471257031440605,0.50706533822991
-0.0662861412922067,0.513439631064085
-0.0854353909020081,0.519942851416121
-0.104546786064345,0.526560577166534
-0.123593168499093,0.533278401480842
-0.142546990459022,0.540081996317755
-0.161380424368811,0.546957177445289
-0.180065478174213,0.553889970344503
-0.198574115259279,0.560866676339028
-0.21687837768901,0.567873938257907
-0.234950511453593,0.57489880492066
-0.252763092331283,0.581928793727578
-0.270289150951933,0.58895195064581
-0.287502295633665,0.595956906902686
-0.3043768315819,0.602932931731894
-0.320887875083013,0.609869980564872
nan,nan
0.827625768839638,0.56126912230026
0.841056713739035,0.54071563383763
0.853738227243796,0.51997387618744
0.865684764137579,0.499092829061223
0.876913391954117,0.478119417022982
0.887443464766663,0.457098310902673
0.897296297107275,0.436071770333432
0.906494842588612,0.415079525920177
0.915063381183665,0.394158698953771
0.923027218481018,0.373343756118227
0.930412399597027,0.35266649629478
0.937245439810397,0.332156066338369
0.943553073403989,0.311839002578691
0.949362021664671,0.291739294766958
0.954698780512448,0.271878469237384
0.959589427809693,0.25227568816521
0.964059450042002,0.232947861967201
0.968133587763755,0.213909772093133
0.971835698961652,0.195174201686015
0.975188639304905,0.176752071834144
0.978214158116887,0.158652581390593
0.980932808814781,0.140883348587705
0.98336387251585,0.123450552919466
0.985525293495957,0.106359075998379
0.987433625202641,0.0896126403120887
0.989103985566634,0.0732139450058396
0.990550020417524,0.0571647979983493
0.991783873887569,0.0414662438998696
0.992816164778739,0.0261186873418884
0.993655967969091,0.0111220114482916
0.994310800043072,-0.00352430872156704
0.994786608444255,-0.0178210978456512
0.995087763566775,-0.0317693771517162
0.995217053322197,-0.0453702663460646
0.995175679840704,-0.0586248906034572
0.994963258088748,-0.0715342925456527
0.994577816309177,-0.0840993491318
0.994015798313951,-0.096320693391651
0.99327206778357,-0.108198640951221
0.992339914850965,-0.119733121328994
0.991211065370421,-0.130923614018041
0.989875693393483,-0.141769089414399
nan,nan
-0.34812074727798,-0.937428794592638
-0.322867961049338,-0.94615865446734
-0.297186202347944,-0.953986314816604
-0.271134514102313,-0.960902429848362
-0.244772935738057,-0.966902929827828
-0.218161995522324,-0.971988969297458
-0.191362206523922,-0.976166810155243
-0.164433575146066,-0.979447643348745
-0.137435130598558,-0.981847354254872
-0.110424482860852,-0.983386237921854
-0.0834574156882211,-0.984088671219185
-0.0565875200774215,-0.983982749555217
-0.0298658723860024,-0.983099896174596
-0.00334076004100092,-0.981474452145036
0.0229425434741952,-0.979143255001628
0.0489419538586502,-0.976145213662454
0.0746187020640731,-0.97252088669364
0.0999374127845249,-0.968312070321347
0.124866137796021,-0.963561401800792
0.149376347266006,-0.958311982896071
0.173442882684792,-0.952607027335536
0.197043875447691,-0.946489535218216
0.22016063534547,-0.940001996485646
0.242777513314336,-0.933186124763513
0.264881742770414,-0.926082622136711
0.286463263725404,-0.918730974762208
0.307514533668411,-0.911169278654347
0.328030328922422,-0.903434094500104
0.348007539860607,-0.895560329976843
0.367444963013844,-0.887581147748786
0.386343092731548,-0.87952789710482
0.404703914685607,-0.871430067061691
0.422530703142667,-0.863315258684671
0.439827823581571,-0.85520917436293
0.456600541907057,-0.847135621810222
0.472854841212352,-0.839116530633815
0.488597246775241,-0.831171979417707
0.503834659736158,-0.823320231392281
0.518574199703293,-0.815577776904924
0.53282305635836,-0.807959381058906
0.546588349996344,-0.800478135045968
0.559877000821696,-0.793145509857662
0.572695606740121,-0.785971411218196
0.585050329327275,-0.778964234735027
0.596946787621015,-0.772130920410888
0.608389959370341,-0.765477005801223
0.619384089379555,-0.759006677233451
0.629932604608548,-0.752722818628893
0.640038035727669,-0.74662705758464
0.649701944876583,-0.740719808481507
0.658924859439397,-0.735000312486083
0.667706211721643,-0.729466674410394
0.676044284497198,-0.724115896482624
0.683936162483549,-0.718943909167522
0.691377689900776,-0.713945599256191
0.698363434371935,-0.709114835522733
0.704886657528753,-0.704444492320168
0.710939292795235,-0.699926471560632
0.716511930931149,-0.695551723595327
0.721593814025364,-0.691310267578018
0.726172838733457,-0.687191211961817
0.730235569651985,-0.683182775842034
nan,nan
-0.348863670030202,-0.937155832844942
-0.323624514216812,-0.945912293233912
nan,nan
-0.513234948005724,0.196347663655159
-0.537533292547498,0.206148975321702
-0.561384823056032,0.215428780233727
-0.584739518098747,0.224167600979164
-0.607550764869319,0.232348039082843
-0.629775701544193,0.2399548879767
-0.65137550681831,0.246975214222632
-0.672315632441606,0.253398406162946
-0.692565976034055,0.259216189967148
-0.712100992945236,0.26442261381168
-0.730899747387274,0.269014001643548
-0.748945904454837,0.272988878615874
-0.766227665905859,0.27634787082432
-0.782737653674295,0.279093582404717
-0.798472745993471,0.281230453366548
-0.813433871708259,0.282764601732391
-0.827625768839638,0.283703653633437
-0.841056713739035,0.284056564983846
-0.853738227243796,0.283833438233631
-0.865684764137579,0.283045337495342
-0.876913391954117,0.281704105070084
-0.887443464766663,0.279822182079843
-0.897296297107275,0.277412435562304
-0.906494842588612,0.274487994016606
-0.915063381183665,0.271062093017807
-0.923027218481018,0.267147932156258
-0.930412399597027,0.262758544215436
-0.937245439810397,0.25790667718578
-0.943553073403989,0.252604689428273
-0.949362021664671,0.246864458053312
-0.954698780512448,0.240697300369667
-0.959589427809693,0.234113908085127
-0.964059450042002,0.227124293803687
-0.968133587763755,0.219737749261937
-0.971835698961652,0.211962814676663
-0.975188639304905,0.203807258533569
-0.978214158116887,0.195278067129846
-0.980932808814781,0.186381443187421
-0.98336387251585,0.17712281287573
-0.985525293495957,0.167506840619167
-0.987433625202641,0.157537451111958
nan,nan
-0.820836217315021,-0.571157694820092
-0.806271951590858,-0.591337370015669
-0.79093569937988,-0.611199811564365
-0.77482453851954,-0.630691024983993
-0.757939477224278,-0.649756357180746
-0.74028567895746,-0.668340909879061
-0.721872648566872,-0.686389982019453
-0.702714373828864,-0.703849535271277
-0.682829417135771,-0.720666675809402
-0.662240952863086,-0.736790144631067
-0.640976746955307,-0.752170807986532
-0.619069076449893,-0.766762139005796
-0.596554587984616,-0.780520681358203
-0.573474095762549,-0.793406485807759
-0.549872320931049,-0.80538351083881
-0.525797575811,-0.816419979125928
-0.501301397832459,-0.826488682496248
-0.476438139335381,-0.835567229156473
-0.451264520526004,-0.843638228292022
-0.425839153794603,-0.850689408643168
-0.400222048262143,-0.856713669265495
-0.374474103807509,-0.861709062327213
-0.3486566039221,-0.865678709420444
-0.322830716547206,-0.868630654405891
-0.297057011587152,-0.870577657214542
-0.271395003085396,-0.871536934248558
-0.245902723138692,-0.871529852019443
-0.220636333550869,-0.870581581409946
-0.195649780041604,-0.868720720434806
-0.17099449257742,-0.865978893604321
-0.14671913413124,-0.862390335975388
-0.12286939894876,-0.857991469728214
-0.0994878602445248,-0.852820480662262
-0.0766138662006944,-0.846916901396502
-0.0542834822219428,-0.840321207324126
-0.0325294766273417,-0.833074430548896
-0.0113813463431679,-0.82521779615646
0.00913462129928072,-0.816792384283915
0.0289952548645726,-0.807838820575154
0.0481803775822972,-0.798396996773987
0.0666726629920924,-0.788505822432253
0.0844574717991279,-0.778203008011463
0.101522674108868,-0.767524879044075
0.117858460970177,-0.756506220499787
0.133457148860453,-0.74518015007465
0.148312980412795,-0.733578018784237
0.162421924328806,-0.721729336991809
0.175781477055409,-0.709661723831491
0.188390468441554,-0.697400877886856
0.200248873240529,-0.684970566947827
0.211357629993144,-0.672392634684329
0.221718468521851,-0.659687022134344
0.231333746989744,-0.64687180199821
0.240206299233409,-0.633963223852024
0.248339292865874,-0.620975768533505
0.255736098465234,-0.607922210107148
0.262400170014977,-0.594813683976461
0.268334936642018,-0.581659759874705
0.273543705605899,-0.568468518628195
0.278029576425269,-0.555246631744586
0.281795365982902,-0.541999443030507
0.28484354442578,-0.528731051586435
0.287176181669241,-0.515444395660741
0.28879490432151,-0.502141336968347
0.289700862864382,-0.488822745192061
0.289894708955055,-0.475488582486002
0.289376582750691,-0.46213798789053
0.288146110198951,-0.448769361646796
0.286202410282172,-0.435380449466439
0.283544112247983,-0.421968426868217
0.280169382902547,-0.408529983738432
0.276075964082309,-0.39506140930605
0.271261220453582,-0.381558677746096
0.265722197814452,-0.368017534636357
0.25945569208765,-0.354433584492088
0.252458329193962,-0.340802379591173
0.244726655980696,-0.327119510277456
0.236257242346148,-0.313380696892397
0.227046794646243,-0.299581883434162
0.21709228039101,-0.285719332978496
0.206391064133753,-0.271789724816656
0.194941054322566,-0.257790253172294
0.182740860720244,-0.243718727251377
0.169789961803483,-0.229573672257483
0.156088881324764,-0.215354430869804
0.141639372961024,-0.201061264534395
0.126444611683431,-0.186695453762417
0.110509390165337,-0.172259396465233
0.0938403182052892,-0.15775670318857
0.0764460227850934,-0.143192287941074
0.0583373460179252,-0.128572453151783
0.039527537878667,-0.11390496714246
0.0200324402607944,-0.0991991323715915
-0.000129341414176477,-0.0844658426047487
-0.020936283080914,-0.0697176270994179
-0.042363807662798,-0.0549686798695668
-0.0643841758332126,-0.040234872124639
-0.0869664063107056,-0.0255337460668802
-0.110076229998834,-0.010884488386468
-0.133676082052522,0.0036921179793277
-0.157725135576713,0.0181737649563574
-0.182179380131945,0.0325367140728859
-0.206991747533106,0.04675591514438
-0.232112286586512,0.0608051487146952
-0.257488387429032,0.074657191508134
-0.283065055031432,0.0882840035545963
-0.308785230235134,0.101656935040687
-0.334590155443227,0.114746950334827
-0.360419780825544,0.127524866057909
-0.386213205671482,0.139961599547701
-0.411909148383058,0.152028423619461
-0.437446437594862,0.163697223180021
-0.462764516084242,0.174940749027469
-0.487803948536022,0.185732864078732
-0.512506923884353,0.196048777322294
-0.536817742892212,0.205865260995986
-0.560683281856372,0.215160846836313
nan,nan
-0.372887016584779,0.473447197044769
-0.397111209968336,0.483394910949906
-0.420740216725766,0.493114061329832
-0.443723804605381,0.502585587008585
-0.466015009470649,0.511792783168787
-0.487570477711908,0.52072141421287
-0.508350755864875,0.529359794822497
-0.528320523263048,0.537698838380142
-0.547448765009049,0.545732072707331
-0.56570888403978,0.553455623838423
-0.583078752525087,0.560868169259637
-0.599540704226217,0.567970862676334
-0.61508147070247,0.574767232908509
-0.629692065354127,0.581263059941655
-0.6433676201993,0.587466231469988
-0.656107180984439,0.593386583459695
-0.667913466716114,0.599035728334782
-0.678792599978347,0.604426874355253
-0.688753814476673,0.609574639628393
-0.697809146145757,0.614494863983225
-0.705973113895485,0.619204421661627
-0.71326239567801,0.623721037453826
-0.719695505064031,0.62806310854731
-0.72529247294935,0.632249533982115
-0.730074538400026,0.63629955322579
-0.734063852011526,0.640232595010162
-0.737283194526186,0.644068137219168
-0.739755712842954,0.647825578290104
-0.741504674978534,0.651524120295326
-0.742553245011265,0.655182663611007
-0.742924278565959,0.65881971285598
-0.742640138984344,0.662453293597012
-0.741722533973581,0.666100879166098
-0.740192372234239,0.66977932681855
-0.738069639336893,0.67350482237512
-0.735373291939669,0.677292832433925
-0.732121169312974,0.681158063205386
nan,nan
0.360200314048885,0.932872649405922
0.384710393901687,0.922831393557144
0.408652298029693,0.911933747298003
0.431974260816446,0.900206883664331
0.454627589642923,0.887682659270312
0.476567032400266,0.87439731094522
0.497751094899158,0.860391100641113
0.518142303283761,0.845707915929722
0.537707407976968,0.830394834287789
0.556417527164407,0.814501659976416
0.574248229309273,0.798080442639078
0.591179555623179,0.781184986775889
0.607195984749748,0.763870361012528
0.622286343105106,0.746192415596176
0.636443665329679,0.728207315852221
0.649665010116142,0.70997109846539
0.661951237276721,0.691539256452209
0.673306752297551,0.672966357614256
0.683739224805616,0.654305700148396
0.693259287360095,0.63560900798253
0.70188022079594,0.616926167339683
0.709617632018762,0.598305005040027
0.716489129704665,0.579791108153061
0.722514002825464,0.561427683827559
0.72771290632716,0.543255457464907
0.732107557663987,0.52531260686615
0.73572044725578,0.507634729572999
0.738574565313293,0.490254840332466
0.740693146881301,0.473203395434602
0.742099436396142,0.456508340591302
0.742816472552293,0.440195179028378
0.742866893827949,0.424287056539127
0.742272764635704,0.408804860381752
0.741055421742042,0.393767329081822
0.739235340337207,0.379191170412234
0.736832018932176,0.365091185055573
0.733863882107836,0.351480393697808
0.730348200038236,0.338370165549396
0.726301023649471,0.325770346533466
0.721737134253009,0.3136893856153
0.716670006501433,0.302134457968679
0.711111783550519,0.291111583879976
0.705073263369289,0.280625742478095
0.698563895214638,0.270680979546516
0.691591785375358,0.261280508822471
0.684163711388146,0.252426806317855
0.676285144032431,0.244121697307718
0.667960276518818,0.23636643572609
0.659192060395323,0.229161775786864
0.649982247804258,0.222508035711083
0.640331439828993,0.2164051534929
0.630239140772258,0.210852734676464
0.619703818304769,0.205850092146876
0.608722969513544,0.201396277961919
0.59729319296197,0.197490107269396
0.585410266947335,0.194130174369319
0.573069234204693,0.19131486099276
0.560264493357292,0.18904233688159
0.546989897451752,0.187310552767382
0.533238859939012,0.18611722586506
0.519004468468055,0.185459818019176
0.504279606846416,0.185335506669475
0.48905708548754,0.185741148839289
0.473329780607907,0.186673238396527
0.45709078235432,0.188127856894042
0.440333551931739,0.190100618364789
0.423052087662646,0.192586608528461
0.405241099738465,0.19558031896046
0.386896193221026,0.199075576881359
0.368014058616977,0.203065471344862
0.34859266908089,0.207542276733747
0.328631483005265,0.212497374614562
0.308131650430633,0.217921175150525
0.28709622136115,0.22380303942467
0.265530353706849,0.230131204177641
0.243441518201573,0.236892710611252
0.220839697275954,0.244073339044053
0.197737574510468,0.251657551321387
0.174150710969046,0.259628442972306
0.150097704435667,0.267967707160779
0.125600327362399,0.276655612490509
0.100683639206348,0.285670996683046
0.0753760688034867,0.294991278050031
0.0497094625170198,0.304592486515857
0.0237190941227159,0.314449315711884
-0.0025563672342955,0.324535197355121
-0.0290749341493274,0.33482239874331
-0.0557914255876367,0.345282143748243
-0.0826576406488676,0.355884757177312
-0.109622582103193,0.366599831810946
-0.136632729237178,0.377396416825888
-0.163632358356981,0.388243225699728
-0.190563908050606,0.399108861082559
-0.217368385052131,0.409962053540598
-0.243985805326847,0.420771910549078
-0.27035566385709,0.431508171662012
-0.296417425604585,0.442141465437456
-0.322111029303625,0.452643563468197
-0.34737739514212,0.462987626774537
-0.372158927047491,0.473148439867494
-0.396400000233954,0.483102627990187
-0.42004742489662,0.49282885338863
nan,nan
0.659156511613961,0.750351462751637
0.735986647249568,0.665067014088877
0.795376206388666,0.573440624090668
0.838363746832048,0.480271618532914
0.867066544509712,0.389478212188744
0.884106616576033,0.303859917458547
0.892149422114655,0.225130192286677
0.893609829476701,0.154103895163976
0.890511149500425,0.0909360919278679
0.884453308884457,0.0353464267564429
0.87664451028454,-0.0132006265135619
0.867961562813202,-0.0553653659910279
0.859016968862817,-0.0918460862777727
0.850221171461682,-0.12332577047978
0.841835139058984,-0.150442351190403
0.834012303024903,-0.173774519557238
0.826830728478182,-0.193837207637814
0.820317105158957,-0.211082718659057
0.814464246588722,-0.225904882893675
0.809243615203285,-0.238644604682544
0.804614128691211,-0.249595827161394
0.800528236263776,-0.259011366738809
0.796936019690334,-0.2671083341409
0.793787883237898,-0.274073018072946
0.791036247751331,-0.280065199532814
0.788636550992593,-0.285221915052235
0.786547771991392,-0.289660712146333
0.784732635041109,-0.293482450454655
0.7831576036632,-0.29677370392088
0.78179274205153,-0.299608816802948
0.780611497890789,-0.302051661651645
0.779590443538498,-0.30415714197746
0.778709000528879,-0.305972476875587
0.77794916384878,-0.307538299772597
0.777295236465389,-0.308889598862065
0.776733580436686,-0.310056522760109
0.776252388089977,-0.311065071422062
0.775841474836751,-0.311937689375049
0.775492093933489,-0.312693775782056
0.775196772703808,-0.313350123703559
0.774949169268186,-0.313921299107917
0.774743948583995,-0.314419968652435
0.77457667650989,-0.314857183969989
0.774443730624822,-0.315242629114607
0.774342226617837,-0.315584836912122
0.774269959196239,-0.315891379202762
0.774225356619885,-0.316169035329527
0.774207448147288,-0.316423942701338
0.77421584386756,-0.316661732828131
0.774250726586342,-0.316887655874133
0.77431285563095,-0.317106696495077
0.774403582638029,-0.317323683506828
0.77452487958462,-0.317543395769601
0.774679379519019,-0.317770666557748
0.774870430638657,-0.318010488614688
0.77510216454457,-0.318268122060965
0.775379579669703,-0.318549207325739
0.775708641021655,-0.318859885302512
0.776096397485172,-0.319206926981799
0.776551117974458,-0.319597874877598
0.777082447679475,-0.320041198628452
0.777701585469696,-0.320546467199989
0.77842148314092,-0.321124540118903
0.779257066527551,-0.321787780092426
0.780225477430972,-0.322550289160889
0.781346333661963,-0.323428170120211
0.782642002021767,-0.324439814230855
0.784137875419448,-0.32560621504988
0.785862640081475,-0.326951306369718
0.787848511315353,-0.32850231941793
0.790131405664389,-0.330290150236469
0.792751002329261,-0.332349721908271
0.795750625787527,-0.33472031717541
0.799176852384439,-0.33744584379163
0.803078703311617,-0.340574975993602
0.807506230907464,-0.344161088443109
0.812508229579777,-0.348261860742036
0.818128700717942,-0.352938376989876
0.824401565777543,-0.358253470541498
0.831342946628005,-0.364268962836211
0.838940113583966,-0.371041310374083
0.847135944350915,-0.378615000940787
0.855807466441797,-0.38701283098845
0.864736837028392,-0.396221968951634
0.873573088576816,-0.406174516877084
0.881783405507993,-0.416721242779815
0.888594063438011,-0.42759749724844
0.892924179972911,-0.438381444017042
0.893321033108742,-0.448447213893711
nan,nan
-0.514598897537034,-0.854471198333588
-0.400964551028683,-0.903252888915214
-0.279646428612062,-0.932032611082099
-0.15617591988775,-0.940743454947134
-0.0358298001943064,-0.931318978261097
0.0771283667641068,-0.907101368025953
0.179837664863973,-0.872070449810753
0.270851556981472,-0.830153165114104
0.349892882083705,-0.784761273390948
0.417505026753807,-0.738577990828649
0.474715125101617,-0.693535772805587
0.522768116555561,-0.650905724762026
0.562945271172606,-0.611432203542514
0.5964561051842,-0.575470233966858
0.62438423479348,-0.543104659772375
0.647668405616579,-0.514244108756773
0.667104108690655,-0.488690483106732
0.683355779224123,-0.466187895145428
0.696973329356327,-0.446455704804718
0.708409434271236,-0.429209902270939
0.718035720965985,-0.414176270839481
0.726157052764292,-0.401097929003017
0.733023690142874,-0.389739134568463
0.738841412105292,-0.379886673776074
0.743779819117338,-0.371349743689244
0.747979082719409,-0.363958939369512
0.751555403157462,-0.357564750013517
0.754605410591477,-0.35203582588919
0.757209711881518,-0.347257181547715
0.759435750968864,-0.343128436351398
0.76134011989405,-0.339562150794152
0.762970430810012,-0.336482289363437
0.764366837132289,-0.333822822944027
0.765563273870894,-0.331526472676856
0.766588472656325,-0.329543590510206
0.767466795412753,-0.327831167897399
0.768218921491253,-0.326351962185743
0.768862415873834,-0.32507372952419
0.769412200392253,-0.323968553138752
0.769880945446487,-0.323012256285403
0.770279396193654,-0.32218388989349
0.770616644401486,-0.321465285731236
0.770900354957884,-0.320840666777673
0.771136954272186,-0.320296307321876
0.771331786395115,-0.319820236100824
0.771489241545512,-0.319401976514759
0.771612860802382,-0.319032318615551
0.771705419953221,-0.318703118146527
0.771768994846597,-0.318407118422018
0.771805010048803,-0.318137791273885
0.771814272126981,-0.317889193663535
0.771796988454416,-0.317655836864887
0.771752772040929,-0.317432565369248
0.771680632517124,-0.317214442849655
0.771578953032007,-0.316996642651301
0.771445452445185,-0.316774340346758
0.771277131793521,-0.316542605908827
0.771070203572009,-0.316296293007661
0.770820001872155,-0.316029922828018
0.770520870847141,-0.31573755962064
0.770166028295915,-0.315412674939817
0.769747400346262,-0.315047997164804
0.769255422229727,-0.314635342439647
0.768678798928042,-0.314165422573058
0.768004217966389,-0.313627624689896
0.767216004749761,-0.313009756484036
0.766295708477873,-0.312297749744907
0.765221603693929,-0.311475313362063
0.763968088747585,-0.310523525185651
0.762504957659456,-0.309420349852824
0.760796515782364,-0.30814006688203
0.758800501913732,-0.306652589874391
0.756466769697876,-0.304922653418772
0.753735668761671,-0.302908839149505
0.750536050482237,-0.300562406252404
0.746782803998507,-0.29782588452556
0.742373804535484,-0.294631380001908
0.737186128076803,-0.290898534561023
0.731071354330394,-0.286532072889127
0.723849745579585,-0.281418864570606
0.71530305678071,-0.275424429685975
0.705165711206038,-0.268388829541503
0.693114083177684,-0.260121921108838
0.678753695667583,-0.250398032575511
0.661604318170381,-0.238950266926489
0.641083324897371,-0.22546490446092
0.616488377529588,-0.209576816054295
0.58698172112086,-0.190867497430584
0.551580369274533,-0.168868375928056
0.509159445588707,-0.143073470733398
0.458480011877657,-0.112967206382486
0.398257371276587,-0.0780747423482541
0.327289387789674,-0.0380424888177904
0.244663022946261,0.00724652629766134
0.150044757951636,0.0575269851977871
0.0440297753590313,0.111997607528857
-0.0715258403098515,0.169206341829662
-0.193321120002929,0.227041960044364
-0.316727187097169,0.28289574492916
-0.436297140494434,0.334009306103408
-0.546606263788705,0.377939227982943
-0.643181689089085,0.412992453553008
-0.72320363452012,0.438478478134145
-0.785756770294486,0.454703117539202
-0.831618992322718,0.462743059233781
-0.862754132906169,0.464116018668822
-0.881730741920588,0.460464648778218
-0.891233376070339,0.453325679353295
nan,nan
0.774279239931013,-0.315846281359084
0.77423046107387,-0.316127965727705
0.774208487441464,-0.316385993728735
0.774212840632174,-0.316626066309073
0.774243615432057,-0.316853484550113
0.77430148178794,-0.317073266674742
0.774387698740408,-0.317290258505925
0.774504140547289,-0.317509239782851
0.774653335424182,-0.317735028619207
0.774838517520338,-0.317972586311305
0.775063692932202,-0.318227124666615
0.775333720727358,-0.318504218020618
0.775654410099537,-0.318809922136546
0.776032634887155,-0.319150902231653
0.776476466743576,-0.319534572436675
0.77699532821781,-0.31996924906008
0.777600166847913,-0.320464320078973
0.778303651026801,-0.321030433290227
0.77912038778789,-0.321679705494552
0.780067161658811,-0.322425954903988
0.781163192181762,-0.323284958589885
0.78243040537088,-0.324274736124211
0.783893710953796,-0.325415859469807
0.785581272287515,-0.326731787442871
0.787524748741288,-0.328249220415987
0.789759480264931,-0.329998466944979
0.792324569661068,-0.332013808110619
0.795262798184005,-0.334333836752828
0.798620282366336,-0.33700173629632
0.802445741569578,-0.34006544592617
0.80678919289663,-0.343577633262749
0.811699817942285,-0.347595359403621
0.817222648408905,-0.352179270249274
0.823393588004097,-0.357392077286686
0.830232119441943,-0.363295994300519
0.837730833385126,-0.369948667227564
0.845840663949807,-0.377396967385575
0.854450443861471,-0.385667814059485
0.863359158983631,-0.394754965772635
0.872239213076331,-0.404600516253123
0.880589354804464,-0.415069756222362
0.887677102170808,-0.425918323743402
0.892473205742372,-0.43675152933614
0.893585837251953,-0.446977967122886
nan,nan
0.643181689089085,0.76490400289528
0.72320363452012,0.681341152886819
0.785756770294486,0.590500099948986
0.831618992322718,0.49728950172044
0.862754132906169,0.405816617350182
0.881730741920588,0.319090288672704
0.891233376070339,0.239012199829585
0.893737451415513,0.166544589798605
0.891343075949492,0.101945767804854
0.885726817299342,0.0450002825557431
0.878164713746989,-0.00479177357322075
0.869589346370645,-0.0480754659362735
0.86065681133306,-0.0855469585338713
0.851810371679184,-0.117894847466102
0.843334970175161,-0.145766762625671
0.835401089900409,-0.16975282530604
0.828098608395078,-0.190379706069679
0.821462160826588,-0.208110950611737
0.815489709544952,-0.223350727171918
0.810155879675245,-0.236449207101353
0.805421366156264,-0.247708504028415
0.801239448029603,-0.25738855958303
0.797560404583776,-0.265712653201337
0.794334429216913,-0.272872388817718
0.791513480689343,-0.279032113341663
0.789052392279412,-0.284332778259333
0.78690947022852,-0.288895284406053
0.785046747102427,-0.292823362295585
0.783430007656494,-0.296206043432402
0.782028669962336,-0.299119776077163
0.780815579456782,-0.301630234544174
0.779766755592245,-0.303793865762847
0.778861117956007,-0.305659211354894
0.778080209654562,-0.307268038292378
0.777407929383574,-0.308656306505694
0.776830279164913,-0.309854997671107
0.776335131679173,-0.310890825820159
0.775912019057536,-0.311786847338414
0.775551943633835,-0.312562985304176
0.775247210290109,-0.313236480900971
0.77499127950853,-0.313822282765273
0.774778639963759,-0.314333383552583
0.774604699376949,-0.314781111676532
0.77446569235258,-0.315175385058907
0.774358603994536,-0.315524932791386
0.774281108222307,-0.315837489825114
0.77423151986412,-0.316119969149527
0.774208759779061,-0.316378615378309
nan,nan
0.771741666794461,-0.317392302265746
0.771664247459008,-0.317174598933269
0.771556920744806,-0.316956335741405
0.771417278301698,-0.316732677015479
0.77124218231942,-0.31649866145989
0.771027691458597,-0.316249090649235
0.770768967220566,-0.315978411544244
0.770460158109663,-0.315680590204775
0.770094258242264,-0.315348973594251
0.769662936215977,-0.314976135996931
0.769156329027894,-0.314553706084238
0.768562794569552,-0.31407217004682
0.767868614660036,-0.313520645426657
0.767057638620046,-0.312886619302042
0.766110854926586,-0.312155643251988
0.765005875376396,-0.31131097599837
0.763716312242784,-0.310333162723364
0.762211023902085,-0.309199537700634
0.760453198039697,-0.307883633959501
0.758399233458451,-0.306354480105097
0.755997371263122,-0.304575760017905
0.753186013265945,-0.302504805830197
0.749891649270412,-0.300091388232553
0.746026294856725,-0.297276260791581
0.741484316929708,-0.293989406727821
0.736138495451392,-0.290147928020516
0.729835137084027,-0.285653508907874
0.722388022074107,-0.280389381066858
0.713570934664846,-0.274216720077629
0.703108509859807,-0.266970419379212
0.690665144617653,-0.258454230935631
0.675831803492575,-0.248435351084573
0.658110754904481,-0.23663869677093
0.6368986977919,-0.222741408546817
0.611469521956847,-0.206368598405563
0.580959290488557,-0.187092115800607
0.544358188156412,-0.164435216644043
0.500517371713754,-0.137887516918297
0.448182891599605,-0.106936350800317
0.386073486685832,-0.0711220932428749
0.313022068000708,-0.0301248914599634
0.228197850958757,0.0161136640995725
0.131410697149142,0.0672410621589856
0.0234645892951723,0.122343057072201
-0.0935261432710989,0.179842966725565
-0.215997069285779,0.237520457189076
-0.339119301356331,0.29270835786736
-0.457380307445981,0.342669869024487
-0.56546294031098,0.385070233655589
-0.659156511613961,0.418388750141909
-0.735986647249568,0.442125818427431
-0.795376206388666,0.456750424226362
-0.838363746832048,0.463445870964227
-0.867066544509712,0.463774569463086
-0.884106616576033,0.459373960377959
nan,nan
-0.601123774946336,-0.799157122578439
-0.497832692630202,-0.863208693829416
-0.382673448927248,-0.909007007152915
-0.260660210397537,-0.934650479981436
-0.137344998375361,-0.940403072607848
-0.0178902077286253,-0.928461322230998
0.0936411713944458,-0.902316224547182
0.194613163448923,-0.865979702358828
0.28377928215656,-0.823323024693889
0.3610119966619,-0.777654124426246
0.426949630166819,-0.731538514862744
0.482667986399356,-0.686799350367621
0.529427362419133,-0.644617538420879
0.568503441672428,-0.605668926778974
0.601088823080456,-0.570259842058417
0.628245419782001,-0.538442561135904
0.650889484033429,-0.51010534600442
0.669795395105356,-0.485038479395688
0.685608851976099,-0.462980454766873
0.698863701997702,-0.443648963642333
0.709999145897944,-0.426760812464417
0.719375667252669,-0.412044071667911
0.727288994529003,-0.399244936281104
0.73398193791704,-0.38813108452948
0.739654214796974,-0.378492784800493
0.744470496266817,-0.370142606670111
0.748566941558172,-0.362914310475579
0.75205647868719,-0.356661294032097
0.755033061999845,-0.351254840925895
0.757575103293385,-0.34658232416693
0.759748239522071,-0.34254545847925
0.761607569733026,-0.339058654619677
0.763199467888124,-0.336047503193136
0.764563056675528,-0.333447398893331
0.765731409903747,-0.331202305813503
0.766732537034253,-0.329263658324856
0.767590192255682,-0.327589388581622
0.768324541689882,-0.326143070023152
0.768952715378256,-0.32489316566474
0.769489265235394,-0.323812370074382
0.769946545858763,-0.32287703444144
0.770335031694849,-0.322066664871046
0.770663581383343,-0.321363484866338
0.770939657974597,-0.320752053813441
0.771169512018959,-0.320218934115225
0.771358333163936,-0.31975240040137
0.771510374792047,-0.319342184959343
0.771629055330371,-0.318979254176234
0.771717039116576,-0.318655611353032
0.77177629907963,-0.318364121751636
0.771808162957506,-0.31809835616325
0.771813344305817,-0.317852449648032
0.771791959130907,-0.317620972393069
0.771743528591878,-0.317398809872184
0.771666967843601,-0.317181049668642
0.771560560722955,-0.316962872442209
